"Hajispringer Sirraa video hai  sir jiI do it all for desis,1"
"sirraa att movie  watching Captain America Civil War,1"
"Oh teriiii Mayfair tou Monopoly main itna mehnga haiasli main kitna hogaYounger brother while listening to IKs NA speech,1"
"RT ssai UnSubtleDesi sataaak Now sunetrac will say ye thappad tujhe bahut mehnga padega speed dial to Jaitlyji ,1"
"UnSubtleDesi sataaak Now sunetrac will say ye thappad tujhe bahut mehnga padega speed dial to Jaitlyji ,1"
"Gerrardology My only reason to go to England would be for the Premier League xDLekin mehnga bohot hai England,1"
"LikeALocal That fake walk after saying Nai Bhai rehne dein bht mehnga bta rhe hain PakistaniThings httpstcokSahtFIu,1"
"Phrustated NashiliAnkhein foreverstonedd sex kabhi mehnga nahi parta  shadi ke baad you will get know ,1"
"DrZofi DeitiSeetakshi meenakshi Use ye show fans ki demand pr mila h and is samy vo tv ka sbse mehnga hero h,1"
"I liked a YouTube video from iamindiancinema httpstcoHwGCdUQFG Saare Jahaan Se Mehnga  Hindi Movies  Full Movie ,1"
"Bunnyykhan Makhan mehnga he me lgati b nhi im very very ghareeb  cant afford makhn sachi,1"
"VocabularyExplicitClearIndecorousBudtamizIndigenceGhurbatProhibitiveMehngaDeftChalakInvite your friends,0"
"Seharahmad see smile k charchay not expecting mehnga thanks httpstcoKoHORljpI,3"
"DAngel exactly  kuch ko yeh trend bhut mehnga parnay wala hay,1"
"No i cant afford him mehnga h banda httpstcoKuSJKUjd,1"
"Im haseen larki Dare mehnga par gya   feeling emotional,1"
"Im haseen  Dare mehnga par gya ,1"
"Seharahmad iamAhmadshahzad AWESOME  FANTABULOUS not expecting that mehnga thanks AchaSorry ,1"
"curryscentedbitch is the perfect example of desi twitter going httpstcouiqHaQXW girls have lehngas more mehnga than banks career,0"
"RT idkfahad ahmedzahirR Firstly CIES are going onSecondly Petrol is varryy mehnga Thirdly Study pliss,1"
"RT idkfahad ahmedzahirR Firstly CIES are going onSecondly Petrol is varryy mehnga Thirdly Study pliss,1"
"ahmedzahirR Firstly CIES are going onSecondly Petrol is varryy mehnga Thirdly Study pliss,1"
"ImranKhanPTI very well done my great and brave leader aj to bary bary logo ki bolti bnd kr di ap ny good bht bht acha laga sb dykh k,3"
"odayja acha what if aunty is a pick pocket,0"
"Very sadi cant live without uAcha hua jan chutiwao Amazing Good newsUski jaga mri mout ho jatiShukar he jaan chuti,1"
"LochLomond Single Grain w yellowtail ceviche avo raddish lime sir Acha  tortilla Delish CheckersWWD httpstcoCiJzLLfhG,1"
"RT insannivia Gurmeetramrahim thnk u PG  hlping me n being wth mexam bhot acha hua paatysmapne hi krayaaage b smbhal lena paa,1"
"UsernamexD CallmeAmmyy ibeanie Ohh acha  ,0"
"Muzamil eik acha larka haAfter this i cant stop laughing,1"
"SYbySWEET httpstcoADGHjUexN,0"
"Right back acha httpstcoxvHJZOs,0"
"amnakhani ImranKhanPTI acha baba u win me lost,1"
"RT MyselfBasit  Types Of People Soryy  Acha Sorry  Shollyy Na Baba ,1"
"incounter acha WO kese,0"
"Acha ata nika zurure mtaa I thought you should all know,1"
"acha sory for late  httpstcoyzbDaes,1"
"aimensays Basssantii abiramalik acha to offshore mobile numbers hen is fraudan k Hmmm,1"
"RT insannivia Gurmeetramrahim thnk u PG  hlping me n being wth mexam bhot acha hua paatysmapne hi krayaaage b smbhal lena paa,1"
"sSobi  oh Acha ,0"
"msfarooqui TWFareeha Fereeha Oh really acha American courts ka faisla kidr hy wo b dikha do,1"
"tiwanaldo priyankachopra OH ACHA D,1"
"RT insannivia Gurmeetramrahim thnk u PG  hlping me n being wth mexam bhot acha hua paatysmapne hi krayaaage b smbhal lena paa,1"
"WaleedR All the best InshAllah Acha hugaa ,3"
"zigzackly acha people talking about sips and dips also That happened way before I thought you meant first full real drink pehlibar,0"
"RT alishainsan GurmeetramrahimMSGpreaches papa ji  ka day bhutt jdaa acha ta resort main apke sathReally that day of my lif,1"
"GurmeetramrahimMSGpreaches papa ji  ka day bhutt jdaa acha ta resort main apke sathReally that day of my life was nice day tysm,1"
"RT MyselfBasit  Types Of People Soryy  Acha Sorry  Shollyy Na Baba ,1"
"RT coolgirlhj HeI like ur lipstick colorSheLip gloss h JanuHeyeliner bi acha hSmaskara h beyHpayal mastSanklet h ka,1"
"grxceyx I miss you too graceee,1"
"RT grxceyx achakx miss you bb,1"
"achakx miss you bb,1"
"srkfanzzzz Acha  Followers bada do mere p,1"
"You miss the old me TbhI miss the old me tooWellpeople changeIt depends whether you wanna accept them on how they are or just walk off,1"
"AchaJKT special,0"
"CrazyGirlAimmy Sobtianforlife acha I mentioned ridhima because it looks like same ph show,1"
"Sleeping sched all the way fd up,0"
"RT mariamsmadness Excuse my language too Acha Sorry  httpstcoIMjXsWh,1"
"amnakhani SAMAATV acha i dont know,0"
"humayonkhaaan aww acha qt u ,0"
"Aashir  oh acha ,0"
"siddhartbiebz yes abhi just free hi hue ho exam se and  ha acha hua exam,1"
"AchaJKT please make it special ,3"
"UrfiSays wah acha idea hai ye to Never thought if it,1"
"MahnoorZaynab oh acha p,0"
"Monsters InchttpstcoaHHzvRnqHネイル動画 モンスターズインク Dアート キャラクターネイル M MonstersInc Nail Dnails NailTutorial kurashiru,0"
"amethystCrush Jo Mujhe Pasand Bhi Nahi Karti Isse Acha GIFs Bana LoI Love Making Gifs  If Not Better Download Them,1"
"sangshaz Acha kulemea our blood relatives,1"
"Excuse my language too Acha Sorry  httpstcoIMjXsWh,1"
"RIPTej oh acha,0"
"ye ask hai anyone can send you questions tumhara private app nahi hai  Acha httpstcouaTkJel,1"
"wehshidarinda hahhaa acha kia wesy tm ny i am happy,1"
"TheSoomro SenRehmanMalik newschannel bbz koo qayoom somoro urr rehman malik sa senstorship wapis la Ker kissy acha leaders koo Day,1"
"AliUsman acha aur suggestions aanay do  ya voting karwaleta hoon ,1"
"AladeenAG acha chalo khair hai there was some sarcasm there man,1"
"VirusAgain lol acha ,0"
"BDUTT what a shame and if you call it intolerance then we get ticket to Pakistan  acha din ,1"
"Hmm Prem woow amazing book bahut acha lgrahe hain aap ki mommy ji y se hahahaha Prem bhi ache lgrahe ho n sooooo sweet little boy,3"
"jouanito ParisBurger AChaauvray Feed the BEAST ,1"
"RT amarast Acha Leke also says that we must leverage our Youth and diaspora then be able to execute on our projects InvestirAuCameroun,1"
"Neha Alaa Wo to buht maghror insan hoga Never pAcha mein abhi daita hon p,1"
"KinyanBoy uberkenya acha kunichomea job,0"
"atif acha  mili wo notification ,0"
"Really hope to watch some GOOD test cricket overdose of t twenty its like tooo much fast food and woe bhi acha wala nahi,1"
"My Best Fans doyuongnct yunhygikon yeojrxs kmdhyks wonwjsvt AChaYeon via httpstconHwChiZ httpstcowMbbxhj,1"
"RT insannivia Gurmeetramrahim thnk u PG  hlping me n being wth mexam bhot acha hua paatysmapne hi krayaaage b smbhal lena paa,1"
"JaniCharasHai Ugh acha,0"
"aliakhan yeh bhi acha khelti hoon gi but i like any player after pakistan priority,1"
"sanayadiva I want to see him right now I wish actor acha ho ,1"
"yonsinyo droid some things are not adding up herethe guy was not be used no fractures Itumbi acha zako bana,1"
"callmeammyy its good u happy key apni acha prectical diya,3"
"oojjaw  Oh acha,0"
"RT insannivia Gurmeetramrahim thnk u PG  hlping me n being wth mexam bhot acha hua paatysmapne hi krayaaage b smbhal lena paa,1"
"RT chimgadar wakes up in jannatHmm yar musharraf ka daur acha tha,1"
"Welcome  our new advisors  Milikini Failautusi Majandra Rodriguez Acha Itoah ScottEnns httpstcoMeiZxiH httpstcoHMEFaxXv,1"
"DeadWriterr oh acha g,0"
"Welcome to my new  followers and goodbye to  unfollowers FREE stats by httpstcocwxmeQPic,1"
"RT chimgadar wakes up in jannatHmm yar musharraf ka daur acha tha,1"
"RT insannivia Gurmeetramrahim thnk u PG  hlping me n being wth mexam bhot acha hua paatysmapne hi krayaaage b smbhal lena paa,1"
"I LOVE MY ACHA,0"
"RT silouetths zlutish thanks for ffs acha ily,1"
"RazzaH acha sorry ill stop now p,1"
"iRoshni acha re thanks,0"
"Gurmeetramrahim thnk u PG  hlping me n being wth mexam bhot acha hua paatysmapne hi krayaaage b smbhal lena paa plzz MSGpreaches,1"
"RT chimgadar wakes up in jannatHmm yar musharraf ka daur acha tha,1"
"Acha Theek Hai Maine Tou Mazaak Main Pucha Tha K Could It Get Worse  Kismat Tou Dil Pe Le Gai  ,1"
"Errendous acha whats that,0"
"RamgarhKaJai chalo acha laga kuch positive words sunkar ,3"
"I Vote septriasaacha for Actress of the Year Indonesian Choice Awards  ICA ASAchaSeptriasa,1"
"RT iqbaale No need to be jealous with everything You guys will always have a special place in my heart,0"
"Aemankhann ohh acha ,0"
"RT salshaabilaa HAI HAI MAKASAR H SEE YOU GUYS  SL JOIN YUK  httpstcoHDbrJHzYqH,1"
"MainManMaIik I am pro Imran but dont support everything he says Banda acha hai everyone knows that,1"
"RT HestiPWH I Vote septriasaacha for Actress of the Year Indonesian Choice Awards  ICA ASAchaSeptriasa,1"
"chsayz hahahah acha acha wasnt expecting anything like this from you Bye you missed me hnaaaa ,1"
"AskariH tehreemabbas ACHA CHALEIN GIVE ME ONE OTHER OPTION,1"
"ImShanTanu acha acha Enjoy karna Waise a trip vd buddies is everything ,1"
"AchaJKT yuk basket cha,0"
"I Vote septriasaacha for Actress of the Year Indonesian Choice Awards  ICA ASAchaSeptriasa,1"
"awaroidos haha acha keep it up ,0"
"isatveer AwalmeetGill officeofssbadal Acha And youre saying this government has nothing to do with it,1"
"IamSharimRK acha Its okay Thanks for your wishes,0"
"Alexander Acha ALEXANDERACHA  Dame Tu Amor Gimme Your Love httpstcoaZxtOiWp EscuchaAhora OlaFmEnVivo,1"
"Khawaja AsifKP Govt didnt provide them land for  grid stations Achato yehe wajah hai Mulk sey Electricity crisis nhi ho ra khtamShame,1"
"ravikishann acha sir i want to Dm you can you please follow back me,1"
"durjoydatta agar aap writers itna biased hai toh hum fans ke fanwars toh correct haiIsse acha hoga plz kill Rd nd sv him,1"
"CfceRhZQAvxVj acha sunay,0"
"stayAtHomeEnyo Acha ease up ease up,3"
"Phly mute ub unfollow Block acha nai tha,1"
"CryXtalGuriYa ohhh acha,0"
"IndianIdle devellix lolkthen JustScreams FarziVakeel never heard PT before saw the gig hmm acha hai scenes,1"
"RT stayawayplis Acha Ho Gea Hai Interview Medical Colege Ka So Confusing But I Did  Happy Alhamdullilah ,1"
"RT SandInDeed Listening songs with Samsung EarphoneGuy sitting next Ohh nice songNext to next WowGuy  KM Away Cool songAstro,1"
"acha maray raho main parhh leti hun,1"
"RT DunyaNews Balance sheets of Shaukat Khanum were not published for  years Khawaja AsifWATCH LIVE httpstcobxIZLEEoxU httpst,1"
"saniyarizwan varunlover acha jithen give me a big smile,3"
"RT underratedsuju 안단테 andante  super junior jib acha  sort of requested by eunhaebuttz justiceforkyuhyunMAMAk httpst,1"
"RT ImranKhanTPT I was about to talk in NA when Khurshed Shah said to me Aja yar bahir chalein tune kaunsi koi nayi baat krni He was,1"
"Hahahaah acha to kro purpose usse httpstcoeTrOmVHlxy,0"
"BeingFrk iamshruti Acha thanku before ,1"
"KashafUmar Oh acha And what about Urdu ,0"
"GuyWithAToy Acha sae  Ab shut you mind ,0"
"DunyaNews acha hoa hyno mercy for these bastards,0"
"sanaarsh acha bachutell me if dat was ur honeywala patidev or not p,1"
"Aatish mujhy b bhot acha lgadrasal hm zuban o hm rukaab sy e to dill behlata hythank u vry much wasdey ty hasdey raho sada,1"
"RT MyselfBasit  Types Of People Soryy  Acha Sorry  Shollyy Na Baba ,1"
"NidaBaloch  k sath bhut acha prank hua unintentionally,1"
"simaljahngir kajalishveer mirhanoor u too have a acha day,1"
"AfghanaHadia AliUsman acha chalo phir block krdo hmay ,1"
"RT ChanbaekUnionID PREVIEW  CHANYEOL  SIMAF Press Conference spring He looks like a lil boy nan httpstcoGLoB,1"
"IT SHOWS THE THRIST OF TYPE OF PENIS OF BHAITARD  YEH LOGO KA LUND CHECK KRKE BTAENGE KI KISKA TASTE ACHA HAI  httpstcoJNdYUsDVP,1"
"RT underratedsuju 안단테 andante  super junior jib acha  sort of requested by eunhaebuttz justiceforkyuhyunMAMAk httpst,1"
"Aur ppr acha ho gya ,0"
"RT perryellis At the end of the day  its abt who came and never left Special people God bless you two kkrystvl MarthaAcha https,1"
"BettyMKyallo its quite clear the guy cant express himself well in Englishongea kiswahiliacha maringo,3"
"Ako poa Acha amalizie kitu anafanya hapashell get back to you WILLLANO jnyawirah Good morning J and great day ahead ,1"
"Macam Acha gila harry Potter lol,0"
"I Vote septriasaacha for Actress of the Year Indonesian Choice Awards  ICA ASAchaSeptriasa,1"
"I Vote septriasaacha for Actress of the Year Indonesian Choice Awards  ICA ASAchaSeptriasa,1"
"I Vote septriasaacha for Actress of the Year Indonesian Choice Awards  ICA ASAchaSeptriasa,1"
"I Vote septriasaacha for Actress of the Year Indonesian Choice Awards  ICA ASAchaSeptriasa,1"
"I Vote septriasaacha for Actress of the Year Indonesian Choice Awards  ICA ASAchaSeptriasa,1"
"I Vote septriasaacha for Actress of the Year Indonesian Choice Awards  ICA ASAchaSeptriasa,1"
"I Vote septriasaacha for Actress of the Year Indonesian Choice Awards  ICA ASAchaSeptriasa,1"
"I Vote septriasaacha for Actress of the Year Indonesian Choice Awards  ICA ASAchaSeptriasa,1"
"I Vote septriasaacha for Actress of the Year Indonesian Choice Awards  ICA ASAchaSeptriasa,1"
"I Vote septriasaacha for Actress of the Year Indonesian Choice Awards  ICA ASAchaSeptriasa,1"
"I Vote septriasaacha for Actress of the Year Indonesian Choice Awards  ICA ASAchaSeptriasa,1"
"I Vote septriasaacha for Actress of the Year Indonesian Choice Awards  ICA ASAchaSeptriasa,1"
"I Vote septriasaacha for Actress of the Year Indonesian Choice Awards  ICA ASAchaSeptriasa,1"
"I Vote septriasaacha for Actress of the Year Indonesian Choice Awards  ICA ASAchaSeptriasa,1"
"I Vote septriasaacha for Actress of the Year Indonesian Choice Awards  ICA ASAchaSeptriasa,1"
"I Vote septriasaacha for Actress of the Year Indonesian Choice Awards  ICA ASAchaSeptriasa,1"
"I Vote septriasaacha for Actress of the Year Indonesian Choice Awards  ICA ASAchaSeptriasa,1"
"I Vote septriasaacha for Actress of the Year Indonesian Choice Awards  ICA ASAchaSeptriasa,1"
"I Vote septriasaacha for Actress of the Year Indonesian Choice Awards  ICA ASAchaSeptriasa,1"
"I Vote septriasaacha for Actress of the Year Indonesian Choice Awards  ICA ASAchaSeptriasa,1"
"I Vote septriasaacha for Actress of the Year Indonesian Choice Awards  ICA ASAchaSeptriasa,1"
"I Vote septriasaacha for Actress of the Year Indonesian Choice Awards  ICA ASAchaSeptriasa,1"
"I Vote septriasaacha for Actress of the Year Indonesian Choice Awards  ICA ASAchaSeptriasa,1"
"I Vote septriasaacha for Actress of the Year Indonesian Choice Awards  ICA ASAchaSeptriasa,1"
"I Vote septriasaacha for Actress of the Year Indonesian Choice Awards  ICA ASAchaSeptriasa,1"
"I Vote septriasaacha for Actress of the Year Indonesian Choice Awards  ICA ASAchaSeptriasa,1"
"I Vote septriasaacha for Actress of the Year Indonesian Choice Awards  ICA ASAchaSeptriasa,1"
"I Vote septriasaacha for Actress of the Year Indonesian Choice Awards  ICA ASAchaSeptriasa,1"
"I Vote septriasaacha for Actress of the Year Indonesian Choice Awards  ICA ASAchaSeptriasa,1"
"I Vote septriasaacha for Actress of the Year Indonesian Choice Awards  ICA ASAchaSeptriasa,1"
"I Vote septriasaacha for Actress of the Year Indonesian Choice Awards  ICA ASAchaSeptriasa,1"
"I Vote septriasaacha for Actress of the Year Indonesian Choice Awards  ICA ASAchaSeptriasa,1"
"I Vote septriasaacha for Actress of the Year Indonesian Choice Awards  ICA ASAchaSeptriasa,1"
"I Vote septriasaacha for Actress of the Year Indonesian Choice Awards  ICA ASAchaSeptriasa,1"
"I Vote septriasaacha for Actress of the Year Indonesian Choice Awards  ICA ASAchaSeptriasa,1"
"I Vote septriasaacha for Actress of the Year Indonesian Choice Awards  ICA ASAchaSeptriasa,1"
"Acha lailpur ki lip stick httpstcopteRsfT,1"
"Dont forget the happy thoughts,0"
"IK responded really well to all trolls in NAAgr ye speech Parson hoti PM k samnay to aur acha hota IKroars,1"
"The Page is Growing slowly but cute Invite  rotate as usual acha iwe Bado tunazeeka man httpstcoZNVcaaiD,1"
"Since I was born the only Gud PM I saw in India is Atal ji  Manmohan bhi acha tha bt Sonia ki katputli tha,1"
"Acha theek httpstcobJifXABHQ,0"
"Angrishrokz zunaira phh acha great Job,3"
"RT ftinathra Im already proud to have u acha  httpstcozHtXzti,1"
"anumsali FoodPandapk Is se acha tha k bunkabab hi leletay bahir seAtleast hes nice to the customers,1"
"Lmfao Interesting how this Boniface Manono story has developed From sympathy tohe is a thug Acha hata akae,1"
"viratskhusi RCBTweets yr prietyzintareal ko harte dekh acha ni lgta but its must win game  vk too confused,1"
"Saira thanku wese bht acha introduction krati hy ap,1"
"KuttiParul cloudxXx Nangu abhibaby acha tb tere ghar me aake apne frnd ke sath aake tere sath masti krke jaao daily,1"
"musttravelmore achalet me check,0"
"Acha D TAKE care Bye x httpstcoVzxVzUFrS,1"
"HeyitsEja acha he na At least bachpan ki yaadain hi face par smile lay ati he,0"
"suerdirantau where you there Surely would be a great contributor httpstcodwDRwKOSX,0"
"chintskap sir Acha bhalla connaught place metro station naam ho sakta tha But nhi Rajiv Chowk metro station rakh diya WTF,1"
"RT MsFrancon Most of my conversations with my friends abroad start by asking   acha kya time horaha hai waha  ,1"
"guyz pray for me and for all nd year students allah hum sub ka paper acha kray  feeling worried,1"
"RT CoolestLifeHack This is how a baby tortoise exercises P httpstcoICYUpTBu,1"
"RT girlspIusboys Id be so down for this rn httpstcoKJmMVkx,1"
"juhisajan charmeems fanmohit suparna I know yaar it can be very frustrating but acha waqt Sab ka aata hai coz change is constant,1"
"saviojoseph acha matlab ho gaya na Thats what i wantred to know bas Results are fixed or what,1"
"Disini   My Heart by Acha Septriasa  Irwansyah with Victor Daniel and  others  httpstconRAMpdnva,0"
"Creativity under pressure by THIWOR on LinkedIn httpstcodtjBRYvtEA,1"
"VogueGarima hahah Oh sorry bae  Dont worry baby acha hoga bohat Good luck to you ,1"
"meena Suzii ShreeSwathy GuptaMohona Kritika acha nw thnk bout raglak too yr swasan ka kitna sochoge lovelies ,1"
"MKGandhi ooh Acha Nice choice Same Here,0"
"shaidafridifoundation ap ne baoth e acha kam start kya ha Dont worry hum tumary sath hainKeep it up  GeoPakistan,1"
"ArySuno  acha sorry then ,0"
"AskAfridi well wishes for your foundation u r our star as like imran khan is ap ne faundation bana k bht acha qadam uthaya ha,1"
"daniaaaraujo NatyNaves se acha ne rdcl kkk,1"
"RT MyselfBasit  Types Of People Soryy  Acha Sorry  Shollyy Na Baba ,1"
"gabbarni good I like it But jab me ghar jata hu I always answer Maa jo apko acha lage wo bna do,3"
"NowToSRK acha jumma be ha I think p,0"
"Lalakidewani geopakistantv oh acha mna first time dekha hai,1"
"Im at Acha Curry House in Petaling Jaya httpstcoNeqokbBpMk,0"
"derekklahn acha ill whatsapp buana,1"
"moturidayy acha follow back,1"
"SaleemKhanSafi asal dard to pcec ka hai army full control chahti haisach agr pora likha jay to acha haicorruption per na pasndeeda thtsit,1"
"HareemMurtaza ughhhhh acha sahi hy,1"
"KindHeartedMSGCharacter ache se acha bnao,0"
"ASPnet  a great toll for sharing UNESCO values in Education IrinaBokova  httpstcoydjIMFW,1"
"RT ayeshamaria Acha combination hai try it ,1"
"My answer to What is the creative process httpstcoMzeiIZs,3"
"What is the creative process httpstcooPVPoncNt,3"
"Acha beautiful,3"
" person talks to everyone but jo acha frnd h usko ignore vah yrr koi izzat hi nhi h,1"
"beingraji oh thats good acha hai you got a change of atmosphere ,3"
"I Vote septriasaacha for Actress of the Year Indonesian Choice Awards  ICA ASAchaSeptriasa,1"
"Acha combination hai try it ,1"
"Not sure what tomorrow brings  Not sure why a caged bird sings  Dont ask cause I dont know  No idea just httpstcoIPlWJGsK,1"
"harshabaid acha To unhe  Indian currency chahiye tha,1"
"Gabut eya  with Dewi and Acha at campusraharja pic  httpstcotQcqJIIsRD,1"
"vineeofficiale aiyaya Acha LmaoBatt huneed charging at least once every two months isikufe,1"
"RT brieannadilla jasminaaay back acha,1"
"jasminaaay back acha,0"
"Miss you Dear Dear Michella  httpstcozdfzcFPlcW,0"
"usufzae aray wo to mujhe acha lagta hai  obviously i know you like the tweets jab chahay marzi rt ya fav karo ap ,1"
"nomaldoscores Fava acha sorry I really mean it,1"
"RT BeingAria siyapaqueen TANIII Itna acha hai kya  Pata hai Parth will come on the bigscreen now but nobody seems to match up to hi,1"
"ACHAHeart Gasp You are not a follower of mine lenaneedslove iheartacha,1"
"ashleymannino correct me one more time ,0"
"God bless us please bring us a Fantastic performance in Pthe future KXIP yescaptain Jo kro acha kare,3"
"RT totalBarca BuffonIf there is any sporting justice Atletico will winThe global pileon against Real Madrid continues httpstc,1"
"TheRealAcha times,0"
"ClassicFM Frm Kedowa River Farmgd Mrng  Acha Nigotee My Sis Irine ,0"
"RT totalBarca MtS gets Germany call up for Euros Too many Barça players in action this summer for our tastesMD httpstcoMgmaWCmuK,1"
"MTVIndia Agar kuch acha kam karna hai toh please upload KYY full episodes back on youtubeWe Miss it,1"
"Watched it so many time  httpstcoDrsldFYJRf,0"
"pallavighosh itna bhi buttering health key liye acha nahin hain intelligent journo sometimes try talk abt country too chintskap,1"
"RT chimgadar wakes up in jannatHmm yar musharraf ka daur acha tha,1"
"TaniyaMultani akhada dnt wry acha hoga relax,0"
"Alexander Acha ALEXANDERACHA  Dame Tu Amor Gimme Your Love httpstcoaZxtOiWp EscuchaAhora OlaFmEnVivo,1"
"RT shahabsaif Mirror  mmmmm Yes you Look so Good  Phone Camera  Youre Ugly AssholeMe  Acha Sorry yaar ,1"
"RT BoyRocki lovingrahulxx dolly ptkavita acha friend Good boy hoga jo gaand choddi httpstcoLsPsautL,1"
"iamsrkAnirban oh acha,0"
"RT BoyRocki lovingrahulxx dolly ptkavita acha friend Good boy hoga jo gaand choddi httpstcoLsPsautL,1"
"RJSpeaks haha sunne mein acha lagta hai but practical nahi hai For many of people,1"
"RT Ridhimachopra durjoydatta twitter has limit of  words And rds mistakes are probably endless Baki aap Acha jante ho,1"
"From Acha httpstcoEkqXXWnS RepostJKT httpstcoRfShqrZR,0"
"adeelazhar  live streaming buhat acha fasla hai abh recordings upload krain,1"
"RT OliveiraBer Se acha bom no skateboardQuero ver dale fs nosebluetooth,1"
"ayeshANausheen rffangirl Reallllyyy itne acha h kya show Vese Besharam strt kia h mene acha lga frst epi,1"
"llarissab MarcosMello acha nd,0"
"RT monikainsan Gurmeetramrahim MSGmissionHumanity Papa g Thanku For pious blessing Ab paper Acha ho jayega Papa g bless me ,1"
"I found this awesome recording of My Heart on Smule httpstcoPgjiBmfS SingKaraoke,3"
"RT anisfarooqui How come Zardari has formed committee to probe offshore companies who gave him this authority ohachasorry,1"
"IamHadiya iMaRia achagood,0"
"Se acha bom no skateboardQuero ver dale fs nosebluetooth,1"
"RT MutiaraSntka I Vote septriasaacha for Actress of the Year Indonesian Choice Awards  ICA ASAchaSeptriasa,1"
"RT Ridhimachopra durjoydatta twitter has limit of  words And rds mistakes are probably endless Baki aap Acha jante ho,1"
"Had a dream last nightwhich I cant really recallbut it ended with me grabbin an alam Acha hai meri shaadi nahi hui warna nikah toot jata,1"
"RT BeeKaayxD Mera last paper acha hou jaye bus,1"
"RT pammyy Sanky holding Swara SR saree mtlb tmrw more swsn scenes  hogi reminiscing memories of midnight rajabetasharad precap Ac,1"
"AuugustoEric Alice  no YouTube se acha,1"
"KoshishGhazal acha smjh gyashukriya sirji btane k liye itna kuchyou give me always a better guidence ,1"
"RT Ridhimachopra durjoydatta twitter has limit of  words And rds mistakes are probably endless Baki aap Acha jante ho,1"
"RT explicandoindie skinny love  bon iver todo mundo acha q e da birdy mas n e,1"
"But aint mad acha Better get that drug money,1"
"How come Zardari has formed committee to probe offshore companies who gave him this authority ohachasorry,0"
"RT gudusheljainsan Gurmeetramrahim MSGmission Pita g m going for give exam so plzz take care of mePaper easy aaye n acha ho jaye,1"
"RT gudusheljainsan Gurmeetramrahim MultiTalentedMSG Pita g Tomorrow is my Exam so plzz Bless to meExam easy aaye n acha ho jaye,1"
"RT Sonimonika Dipti acha follow me,1"
"httpstcoDIPcXzoW the treta has planted,0"
"Retweet if your oshi is AchaJKT ,0"
"emranakaemzy lol acha,0"
"Mera last paper acha hou jaye bus,1"
"RT TheDreamCIoset These are so cute httpstcoERppVcp,3"
"Har Cheez HadMein Achi LagtiHaiMagar ik Tum hi Ho Ke Behad Acha LAgty  Ho  uFiza chByOwner,1"
"Check out Sampai Menutup Mata Male Key on Smule httpstcooVBTUeF SingKaraoke,1"
"Archana making fun of my cries and frustration was ur hobby I knew America me kuch acha to sikhne gyi nhi thi tuChudai ki clsz k lye thi,1"
"RT xvhan So close to just cutting everybody off,1"
"RT perryellis At the end of the day  its abt who came and never left Special people God bless you two kkrystvl MarthaAcha https,1"
"Thank goodness Acha reads this aloud Im not fluent in webdings httpstcoKIGnZBpma,1"
"aishashabbir SameerAliShah Aisha is happy with Khota Tatta MC BC tweets Acha Sorry  TUQ hacked my account,1"
"RT AashuLoveNISHAL laibanaveed lekharanik no doubtNow thats call intezar ka phal mitha hota hai v waited mor like yearsResult,1"
"wayofsoul Nask Ohh acha lol no SS then of DM  ,1"
"RT CUTESTANlMALS puppy work out httpstcokHMztI,0"
"RT ElJuanpaZurita Follow  PauYJuanpaZurita  httpstcobZZQOZoScz,0"
"RT mariobautista Check out this musical httpstcobsqdhDQAQ made by  mariobautistagil with musicallyapp mariob httpstcon,1"
"From Acha httpstcokzESlw RepostJKT httpstcoqIvDED,0"
"AchaJKT have a nice day ,3"
"RT LibertyHockey Shout out to ZaneSchartz for being named to the ACHA all rookie team rocktherink goflames httpstcohPWttLiE,1"
"RT LibertyHockey Shout out to ZaneSchartz for being named to the ACHA all rookie team rocktherink goflames httpstcohPWttLiE,1"
"Shout out tofor being named to the ACHA all rookie team httpstcoszlVfowOv,1"
"RT LibertyHockey Shout out to ZaneSchartz for being named to the ACHA all rookie team rocktherink goflames httpstcohPWttLiE,1"
"RT GNAWAZG Video Confession frm Adiala Jail  AH told Mustafa K after IF Murder  kaam tou Acha Ho gya hai   AftabAhmed https,1"
"Shout out to ZaneSchartz for being named to the ACHA all rookie team rocktherink goflames httpstcohPWttLiE,1"
"Hujan dipagi hari Hmm Today is the day I will miss u acha for  months Argghhh Acha x raya kat sni ,1"
"RT GeorgieJourno I think it is time we start taking KristenStewart seriously She is actually talented yet will still hold a Twilight gr,3"
"RT THR Kristen Stewarts Personal Shopper receives minuteplus standing ovation at Cannes httpstcocQNRzsJc httpstcoaAA,1"
"RT ArthurrOenning Lanaiclara henriks Oh oh acha que pah,1"
"Lanaiclara henriks Oh oh acha que pah,0"
"arshadsyed oh Acha Acha fer theek hy  noortiwana,1"
"Happily ever after Aamiin  weddinganniversary with Acha pic  httpstcoLMLasFAVR,3"
"Colleges moving toward yes means yes standard of consent httpstcovtGRJOeX via rtv studenthealth acha,0"
"Carol acha logo o Daryl please,0"
"RT CannesCoverage There was no booing this time There were hugs hugging People hugged,1"
"Its the only way to get off the phone sometimes though acha listen Ill call you back yeah never does httpstcoPwBYCNDS,1"
"DekhBilal acha chal theek he,0"
"RT joshlicioso se acha a jk rowling httpstcoEYBREg,1"
"SalmanNaseer Ek certain age tak acha lagta hai but when real responsibilities hit hard tab time bhi nahi houta,1"
"Georgeseriously manAcha kuzingua but only if it could have been that way httpstcofYRKbxvdFJ,1"
"Eels announce  its th and th players into college for next season Brad and Zack Lemelin  committed to Northern Arizona Univ ACHA Div,1"
"RT joshlicioso se acha a jk rowling httpstcoEYBREg,1"
"RT FurascinHassan Acha G tou main bhi bore horha hn lets give samrahrizvii a competition  lol httpstcoEnEGxwiDB,1"
"se acha a jk rowling httpstcoEYBREg,1"
"RT FurascinHassan Acha G tou main bhi bore horha hn lets give samrahrizvii a competition  lol httpstcoEnEGxwiDB,1"
"RT Simonsds Assayas explores fears and identity mixing genres in PersonalShopper Kristen Stwart is magnetic Stimulating disturbing and,1"
"Acha G tou main bhi bore horha hn lets give samrahrizvii a competition  lol httpstcoEnEGxwiDB,1"
"Acha sorrrryy Good night,0"
"TwoTwoAlys Acha tell me do you not sleep all night or u wake up too early ,1"
"O q vc acha Differences between an intelligent person and a wise person httpstcoqdIKJkZH  Via Bright Side ,0"
"RT jwhnmayer  Quando ele acha que perdeu a Hayley I let this person in I needed her and youve broken me httpstcoZozPoIVlY,1"
"RT chimgadar wakes up in jannatHmm yar musharraf ka daur acha tha,1"
"realtoheart I ALMOST PUT MR SIMPLE BACK ON BUT SHE YELLED SO ACHA,1"
"Mutahhar  ye to or b acha hai k log meri wja se hasty I am so awesome P,1"
"RT CannesCoverage Okay okay Premiere of Personal Shopper just ended Im gathering my thoughts Gimme a few,1"
"RT cherrycrush  tiffany IJustWannaDancestWin httpstcoEgOORUzlchttpstcobIaoMqoKhttpstcotKOaZKAom https,1"
"RT TheFilmStage Our Cannes review of Olivier Assayas Personal Shopper starring Kristen Stewart httpstcoBfgxbuN httpstco,1"
"MrhbaSyed acha whats ur name BTW  ,1"
"Theres Always That One Think That Hold You Back From Moving On,0"
"I needwant to buy a tshirt that has behja ram naal chal koina tu rehnde or acha ji written on it No joke these are my key phrases,1"
"Miizz lovqb acha acha thats good na,1"
"RiDaAhmed Your Welcome ,0"
"RT RiDaAhmed JenAcha ha thank you mama I appreciate that,0"
"RT RiDaAhmed JenAcha yes yes ,0"
"RT MarlowNYC This is a really lovely review of Kristen Stewarts Cannes film Personal Shopper by rilaws httpstcoaqFrxSAdUR,3"
"MrhbaSyed acha WO kese,0"
"JenAcha ha thank you mama I appreciate that,0"
"RiDaAhmed Look Too Good ,0"
"JenAcha yes yes ,0"
"RT youarecreepy According to fair  lovely When she got acha house own job well settled  httpstcoOjDkd,3"
"I Forget What You Say All The Time But Forgetting How You Made Me Feel Is Impossible,0"
"RT rilaws My Airbnb roommate has left so I am alone in France thinking about Personal Shopper Eek,1"
"According to fair  lovely When she got acha house own job well settled  httpstcoOjDkd,3"
"Giving Someone Another Chance Is Like Giving Them Another Bullet For Their Gun Because They Missed st Time,1"
"RT charlegillibert PersonalShopper massive applauses at the official screening  Yes ,1"
"Stop Holding Yourself Back If You Arent Happy You Need To Make A Change,0"
"RT chrissgardner Kristen Stewart Assayas receive  min standing o for PersonalShopper KStew looks stoked hugging costars https,1"
"RT kalpananair httpstcouSIKZoKngTextsCoutureTwins  HorrorOlivier Assayas is genetically modifying films by stitching together,1"
"RT Itsoktobeyouorg One happy girl Shes really at home here soproud httpstcoWpkuxSqkr,3"
"RT jgtokyo Kristen Stewart v good one scene in particular clearly shows off her charms Titular job is the stupidest occupation Id n,1"
"RT gfdedwards PERSONAL SHOPPER an exquisite portrait of loneliness in the key of Franju and Polanski Captivating Super proud to have U,3"
"RT TheLifeOfKale What doesnt kill you fucks you up mentally,1"
"Dont Waste My Time  I Really Hate That Shit ,1"
"RT RaminSetoodeh What boos Kristen Stewart gets a big standing ovation at the Personal Shopper premiere Cannes httpstcogPuT,1"
"contentgumball oh acha I thought you were being rude dont think many understood it but its ok,1"
"Rabia Oh acha Chalein sleep well tc ,1"
"RT IamNchaKALIH Lol Acha hizo  famyour barz are fuckwitmeablekeep at it httpstcoNRpuNoWGP,1"
"RT RaminSetoodeh Personal Shopper is a terrifying ghost story anchored by one of Kristen Stewarts best performances Cannes,3"
"Did he did heAcha uwongoThe guy has been tear gased twice u wanted him to stand there and dieRailaQuestForBlood httpstcolqXLHZVQd,1"
"aebebf acha stop making me bored now P,1"
"uniwy iiiiii se acha,0"
"MusicholiCcc Acha theek ,0"
"DaniyaSamoo acha wo kese,0"
"SidFcNisaRizwa DeepiikaCrazen sidharthangel alithansiha BeingZeeshaan ohh acha,1"
"mariamalik acha i thought is season mien bhi agayee,1"
"SimranChaiWali hahaha acha yaar thank you so much ap bhi qt ho wese p,1"
"oleitumbi acha kutupima thats definitely not the guy railaodinga skmusyoka,1"
"Imoodyy Lol Acha tha,0"
"RT MyselfBasit  Types Of People Soryy  Acha Sorry  Shollyy Na Baba ,1"
"ipakii acha theek hy ,0"
"AtrociousGuy acha thanks,0"
"RT chimgadar wakes up in jannatHmm yar musharraf ka daur acha tha,1"
"ItsMani acha thanks,0"
"RT chimgadar wakes up in jannatHmm yar musharraf ka daur acha tha,1"
"Senorita Thank you again  acha I am going to sleep now hope to talk with you soon ,1"
"Ohh acha good luck  httpstcoOvHjPoi,3"
"iizsaad lol acha sorry,1"
"talalb oh acha,0"
"VenomExtreme Block Ads  easy ad blocker poem isto la na pesquisa do mod do slithrio que vc acha,1"
"RT kasiliwachiye Heh enyewe acha nilale Tomorrows classes Enough twitter for today though,1"
"Heh enyewe acha nilale Tomorrows classes Enough twitter for today though,1"
"RT aqsasaeed That fml moment when your mom thinks youre studying but youre online on fb and she messages you acha tou parhai hou r,1"
"HashtagMujahid Lol Acha ,0"
"Itna acha chance tha Yaar Begairat,0"
"Senorita acha kar rahi ho I hope others read this tweets ,1"
"Sairamalik Han Acha,0"
"RT MariiaArajo Line acha q vou dxr a amzd dela assim por bobeira,1"
"tbarish Acha  tum Bhi Rahat ali ki fan Ho  I didnt know that ,1"
"I was under training  time in PMA bht easy haBus stamina acha hona chayee banday kaaaa httpstcodLVmmNa,1"
"kamwash haha meanwhile acha pia mimi nitafute followers nifikie xtiandela soon lol,1"
"RT AlvinJordan update still cant drive w my mother,1"
"RT chrissgardner Took amazing shot of KStew coming in Palais w PersonalShopper crew Cannes KristenStewart FestivalCannes https,3"
"RT chrissgardner Kristen Stewart and her Personal Shopper crew incl Olivier Assayas at cannes premiere KStew looks white hot in C,1"
"RT JustAdorabIe Sit vs Wanna go to the park httpstcowAZUuUCnwt,1"
"RT JustAdorabIe Sooo cute  httpstcoSXnJHrVRQ,3"
"RT TweetLikeAGirI I was trying to enjoy a nice bath but  THIS IS SO CUTE httpstcoXqTkrQPQ,1"
"ushmaaaan acha theek,0"
"RT RomaniaKrisbian There you go httpstcoXofmNEAsr,1"
"I love maths even more  es liye tou Rona araha h itna Acha exam nhn hua jitna meine expect kiya tha  httpstcozAzgFqzsT,0"
"RT SidiyanSadia PriencessCuti  acha so sweet yr waise tu to pehle se hi sweet thi,3"
"Line acha q vou dxr a amzd dela assim por bobeira,1"
"Acha RT nnaheeda You have seen my descent Now watch my risingRumi httpstcoDiWOCDni,1"
"Acha RT TimesofIslambad  hardcore terrorists arrested by Rangers  httpstcoHcCeHzY httpstcoTbTvjNgci,1"
"Acha RT TabarakUnnisa My Blog in ARYNEWS The Real Definition of TraitorhttpstcoPJqwSSyRG httpstcoQeYQDLXJ,1"
"Acha RT AtiqRehmanPAT If another NRO not taken place  Zarb e Azb start against Economic Terrorism then soon Pak will be corruption free ,1"
"Acha RT SAMAATV Will BasharalAssad be able to establish truce across Syria What is KSA planning Read  httpstcolByruEaqr,1"
"Acha RT HULK Seek the truth No matter how tough it is,1"
"Acha RT rayyoosheh DidYouKnow Nakbak killed k displaced of tot   Pals livedowned  of Palesti httpstcolMDhZVOA,1"
"Acha RT OttomanArchive A Map of Southeast Asia Made by the Sultanate of Aceh in  It was Sent to the Ottoman httpstcogGwDfYXR,1"
"PriencessCuti  acha so sweet yr waise tu to pehle se hi sweet thi,3"
"httpstcosEKfDHbiye he ek acha video hamare Beatking par,1"
"BlissfulSarah maths ka itna Acha nhn hua yr  all other was quite good ,3"
"LanaParrilla SELFIESWANQUEENPLEASEo que acha bonhamorrilla ,1"
"Im already proud to have u acha  httpstcozHtXzti,0"
"Just posted a photo httpstcowyrQNwtc,0"
"RT JabraFan Acha heroo good night  sweet dreamss  Eat lots of chicken   Varundvn httpstcokYhGQnnt,1"
"Paheliii iHellRyder D acha theek hai Good Night ,1"
"AchaJKT thanks for today ya ,3"
"ChandKiBae acha hun ,0"
"Mohammad Amirs photoshoot on his brothers weddingBanda photographer hi koe acha engage krleta hai httpstcozmtkcsfxw,1"
"MadniSwagger hoping you fail acha wala,0"
"maniiminhas hahahahah IN SHA ALLAH acha good night abhave horror dreams ,1"
"DRshenySH overflow se mout me kiya acha hai ,1"
"sadil acha hua phly bta dea P,1"
"SuqainaTulAbiha oh acha ,0"
"acchaSunno hahaha acha jee do you still care,1"
"RT Itsoktobeyouorg Lmao she already changed her shoes Lucky Luke,0"
"Lol Acha hizo  famyour barz are fuckwitmeablekeep at it httpstcoNRpuNoWGP,1"
"sabeixd acha Kidding ,0"
"RabailBokhari the walking dead start men acha hai but last  season aik he chez ko repeat kr rehe hain so breaking bad dekh lo ya mr robot,0"
"ApPaglHu nhe yr acha hai ,0"
"RT EkraSaleem kiranazhar oh acha sorry xDDid you feel usAnother startyou fade away ,1"
"MaryHaye acha u mean he lives in Space,1"
"HolaItsZoya acha married ho ya married hona chahti ho,0"
"RT Tuba TanishyaY acha But dont even think about deactivating yaar,0"
"SalmanSoz acha Sir pls take care of ur village then  constituency and then division and state and then talk abt other country,1"
"kiranazhar oh acha sorry xDDid you feel usAnother startyou fade away ,1"
"Islaamabad hennatahirnawaz bahut graceful R bahut Acha larka tha medical k student in second semester,1"
"Acha FatimahLove Happy birthday girlMany many happy returns of the day,3"
"RT Fasiiboi Asshad bht acha banda  hai,1"
"sera que ela acha que a little mix eh fifth harmony e a fifth harmony a little mix so pode ne httpstcokDcpWwp,1"
"SAfridiOfficial Keep smiling acha ur happiness will attract many jealous hearts that want to kill ur smile  Dont let them do it ,1"
"JatinKiDuniya Ache influencers k sath aise ni krna chahiyePSi count myself acha,1"
"ravingdead ye acha tha wese ,1"
"siyapaqueen TANIII Itna acha hai kya  Pata hai Parth will come on the bigscreen now but nobody seems to match up to him man,1"
"AshuBella idar to  hoa abhiacha ap so jao Take care doctor china,1"
"Ndeke Jr  We are the kids and women who are demonstrating there are the wives Acha kujifanya RailaQuestForBlood,1"
"RT Itsoktobeyouorg Here she is httpstcoWWykWTyG,1"
"Zobhi Acha thek,0"
"Stoned Achachalo best of luck for future P,3"
"My fucking heart,3"
"Dipti acha follow me,0"
"aaca lolacha,0"
"shejiunited haha sawa acha ata I bookmark it Will pass through it later,1"
"I found this awesome recording of My Heart on Smule httpstcowBsBqwlY SingKaraoke,3"
"RT shahbazshaka Mahamsays SaminaPari jo log sron ko acha nhe smjhty wo khud achy nhe hwty,1"
"Acha RT AnjumKiani Nawaz Sharif is not going for a medical checkup but to gain legal  financial adviceWhy not just tell the truth ins,1"
"Acha RT INCIndia PM Modi promised  crore jobs a year  he has delivered less than  of that Where are the jobs httpstcoHvXNpbciNa,1"
"Acha RT FatimahLove OMG you literally made my dayyyyyyy Thank u so much Dr RaheeqAbbasi   no wonder we have such lovely and c,1"
"Acha RT RaheeqAbbasi Happy birthday to daughter FatimahLove One of the most active and highly followed UK based young SM activist of PA,1"
"romacream farmville acha tha,0"
"Zaroo acha Or Upar se Loadshedding bhi ,0"
"iamhashmi SaadSsih MentionTo acha okay plan cancel,0"
"Chaiisbaee oh acha p,0"
"AmnaKamna RehamKhan oh acha,0"
"As we wait for the  goals acha nifike pale IG nianze kulike pics za waschana wenu,1"
"Acha heroo good night  sweet dreamss  Eat lots of chicken   Varundvn httpstcokYhGQnnt,1"
"dbc I hope vo kuch acha nhi hone degi,0"
"malickdeeznuts lmao old af ,0"
"RT chimgadar wakes up in jannatHmm yar musharraf ka daur acha tha,1"
"Acha RT faujitweets Its gonna be a long night,1"
"Acha  AltafHussainIsRight    and i am Left   ,0"
"Acha RT LostConnction BeingniteshkD Powerfulllll Thappar  ouchpirsaab httpstcoQEZRDRA,1"
"Acha RT NazranaYusufzai LifeTaughtMe take it easy Its not nice to anyone,1"
"RT KennethTuran Its two for two for Kristen Stewart at Cannes  after Cafe Society she is outstanding in Olivier Assayas Person,3"
"My story since  nights Fuck u bsesdelhiFor me this is certainly a Jungle Raaj Isse acha Bihar hi tha yaar httpstcoyytLjGYc,1"
"iravibhardwaj acha  thanks a lot Youre great too,3"
"Wish u all bestin sha Allah result acha ay ga bht httpstcoKJGlAawS,1"
"sakhwa Hein Acha ,0"
"SirMash acha kunivako mseh infact i was told hes a swahili prof with several books authored to his name,1"
"RT chimgadar wakes up in jannatHmm yar musharraf ka daur acha tha,1"
"RT stayawayplis Acha Ho Gea Hai Interview Medical Colege Ka So Confusing But I Did  Happy Alhamdullilah ,1"
"lovesmumma acha thk,0"
"razonater oh acha ,0"
"RT KaaliKuri iAlishaMalik NusNusx always Allah tumhara naseeb acha kare lol bless them tho,1"
"People after Pak weddingNormalSab acha tha Cute Couple Therki Bachiyan tiet then Girls kuch acha ni tha sab over tha ma he cute the bs,1"
"JaniCharasHai but i dont get itis main acha kia hai I mean its just plain old calligraphy,1"
"RT RehmanSid Londons 